<?xml version="1.0" encoding="UTF-8"?>
<beans xmlns="http://www.springframework.org/schema/beans" xmlns:xsi="http://www.w3.org/2001/XMLSchema-instance" xmlns:context="http://www.springframework.org/schema/context" xmlns:mvc="http://www.springframework.org/schema/mvc"
	xsi:schemaLocation="
http://www.springframework.org/schema/mvc
http://www.springframework.org/schema/mvc/spring-mvc.xsd
http://www.springframework.org/schema/beans
http://www.springframework.org/schema/beans/spring-beans.xsd
http://www.springframework.org/schema/context
http://www.springframework.org/schema/context/spring-context.xsd">

	<mvc:annotation-driven />

	<context:component-scan base-package="online.shixun.springi18n.controllers ">
		<context:include-filter type="annotation" expression="org.springframework.stereotype.Controller" />
		<context:include-filter type="annotation" expression="org.springframework.web.bind.annotation.ControllerAdvice" />
	</context:component-scan>

	<!-- 定义静态资源(例如html,css等)访问目录 -->
	<mvc:resources mapping="/*" location="/" />

	<bean id="viewResolver" class="org.springframework.web.servlet.view.InternalResourceViewResolver">
		<property name="viewClass" value="org.springframework.web.servlet.view.JstlView" />
		<property name="prefix" value="/" />
		<property name="suffix" value=".jsp" />
	</bean>

	<!-- messageSource bean 配置系统message的资源 -->
	<bean id="messageSource" class="org.springframework.context.support.ReloadableResourceBundleMessageSource">
		<!-- 国际化信息所在的文件名,加载 messages 目录下，所有以 message 开头的 properties 资源文件 -->
		<property name="basename" value="classpath:messages" />
		<!-- 默认编码字符集 -->
		<property name="defaultEncoding" value="UTF-8" />
		<!-- 如果在国际化资源文件中找不到对应代码的信息，则使用默认资源文件，即：message.properties -->
		<property name="useCodeAsDefaultMessage" value="true" />
	</bean>

	<!-- 用于提取请求中包含的区域语言的拦截器 -->
	<mvc:interceptors>
		<bean class="org.springframework.web.servlet.i18n.LocaleChangeInterceptor">
			<property name="paramName" value="lang" />
		</bean>
	</mvc:interceptors>

	<!-- 配置 SessionLocaleResolver 用于将 Locale 对象存储于 Session 中供后续使用 -->
	<!-- <bean id="localeResolver" class="org.springframework.web.servlet.i18n.SessionLocaleResolver"></bean> -->

	<!-- 根据cookie中的区域语言参数信息设置请求区域语言 -->
	<bean id="localeResolver" class="org.springframework.web.servlet.i18n.CookieLocaleResolver">
		<property name="cookieName" value="my-locale-cookie" />
		<!-- 单位，秒in 如果设置成-1那么浏览器将会在关闭的时候清除此cookie -->
		<property name="cookieMaxAge" value="100000" />
	</bean>
</beans>